Activity Type,Date,Favorite,Title,Distance,Calories,Time,Avg HR,Max HR,Aerobic TE,Avg Run Cadence,Max Run Cadence,Avg Pace,Best Pace,Total Ascent,Total Descent,Avg Stride Length,Avg Vertical Ratio,Avg Vertical Oscillation,Avg Ground Contact Time,Training Stress ScoreÂ®,Avg Power,Max Power,Grit,Flow,Total Strokes,Avg. Swolf,Avg Stroke Rate,Total Reps,Dive Time,Min Temp,Surface Interval,Decompression,Best Lap Time,Number of Laps,Max Temp,Moving Time,Elapsed Time,Min Elevation,Max Elevation
Running,2024-05-12 07:00:04,false,"Eustis Running","26.45","3,230","03:54:29","168","182","5.0","169","179","8:52","7:36","542","1,114","1.07","NaN","NaN","NaN","0.0","NaN","NaN","NaN","NaN","--","NaN","NaN","NaN","NaN:NaN","NaN","NaN:NaN","No","00:04:12.8","27","NaN","03:54:24","03:54:29","584","1,542"
Running,2024-05-09 16:49:20,false,"Waterville Running","4.11","507","00:35:07","162","182","3.2","168","176","8:32","7:29","175","149","1.12","NaN","NaN","NaN","0.0","NaN","NaN","NaN","NaN","--","NaN","NaN","NaN","NaN:NaN","NaN","NaN:NaN","No","00:01:00.3","5","NaN","00:35:04","00:35:07","213","346"
Indoor Cycling,2024-05-05 16:40:02,false,"Indoor Cycling","0.00","832","00:59:06","162","177","3.7","--","--","--","--","--","--","NaN","NaN","NaN","NaN","0.0","NaN","NaN","NaN","NaN","--","NaN","NaN","NaN","NaN:NaN","NaN","NaN:NaN","No","00:59:06","1","NaN","00:00:00","00:59:06","--","--"
Indoor Cycling,2024-05-03 18:00:27,false,"Indoor Cycling","0.00","292","00:23:40","148","156","2.3","--","--","--","--","--","--","NaN","NaN","NaN","NaN","0.0","NaN","NaN","NaN","NaN","--","NaN","NaN","NaN","NaN:NaN","NaN","NaN:NaN","No","00:23:40","1","NaN","00:00:00","00:23:40","--","--"
Running,2024-05-02 14:24:41,false,"Waterville Running","7.16","926","01:05:18","167","185","3.6","168","181","9:07","7:56","354","321","1.05","NaN","NaN","NaN","0.0","NaN","NaN","NaN","NaN","--","NaN","NaN","NaN","NaN:NaN","NaN","NaN:NaN","No","00:01:26.6","8","NaN","01:05:15","01:05:18","92","347"
Indoor Cycling,2024-05-01 19:54:51,false,"Indoor Cycling","0.00","436","00:44:30","137","148","2.1","--","--","--","--","--","--","NaN","NaN","NaN","NaN","0.0","NaN","NaN","NaN","NaN","--","NaN","NaN","NaN","NaN:NaN","NaN","NaN:NaN","No","00:44:30","1","NaN","00:00:00","00:44:30","--","--"
Indoor Cycling,2024-04-30 16:35:22,false,"Indoor Cycling","0.00","338","00:30:10","143","159","2.1","--","--","--","--","--","--","NaN","NaN","NaN","NaN","0.0","NaN","NaN","NaN","NaN","--","NaN","NaN","NaN","NaN:NaN","NaN","NaN:NaN","No","00:30:10","1","NaN","00:00:00","00:30:10","--","--"
Indoor Cycling,2024-04-29 20:30:58,false,"Indoor Cycling","0.00","357","00:30:02","147","170","2.4","--","--","--","--","--","--","NaN","NaN","NaN","NaN","0.0","NaN","NaN","NaN","NaN","--","NaN","NaN","NaN","NaN:NaN","NaN","NaN:NaN","No","00:30:02","1","NaN","00:00:00","00:30:02","--","--"
Running,2024-04-25 07:55:01,false,"Waterville Running","4.90","614","00:42:12","166","184","3.5","171","178","8:36","7:45","651","656","1.10","NaN","NaN","NaN","0.0","NaN","NaN","NaN","NaN","--","NaN","NaN","NaN","NaN:NaN","NaN","NaN:NaN","No","00:07:35.5","5","NaN","00:42:10","00:42:12","137","623"
Running,2024-04-23 07:59:14,false,"Waterville Running","3.61","458","00:31:07","167","193","3.6","171","179","8:37","6:57","434","488","1.09","NaN","NaN","NaN","0.0","NaN","NaN","NaN","NaN","--","NaN","NaN","NaN","NaN:NaN","NaN","NaN:NaN","No","00:04:42.7","4","NaN","00:31:06","00:41:02","173","459"
Running,2024-04-21 12:11:30,false,"Waterville Running","18.54","2,290","02:46:48","166","184","5.0","167","177","9:00","7:30","1,065","1,045","1.07","NaN","NaN","NaN","0.0","NaN","NaN","NaN","NaN","--","NaN","NaN","NaN","NaN:NaN","NaN","NaN:NaN","No","00:01:27.9","20","NaN","02:46:44","02:47:42","95","469"
Running,2024-04-18 07:57:40,false,"Waterville Running","4.88","619","00:46:27","157","173","3.1","165","171","9:31","8:06","295","290","1.02","NaN","NaN","NaN","0.0","NaN","NaN","NaN","NaN","--","NaN","NaN","NaN","NaN:NaN","NaN","NaN:NaN","No","00:08:18.7","5","NaN","00:46:27","00:46:27","137","346"
Running,2024-04-16 07:54:45,false,"Waterville Running","4.92","611","00:42:23","165","181","3.5","166","173","8:37","7:26","257","250","1.12","NaN","NaN","NaN","0.0","NaN","NaN","NaN","NaN","--","NaN","NaN","NaN","NaN:NaN","NaN","NaN:NaN","No","00:07:59.2","5","NaN","00:42:18","00:43:54","137","345"
Running,2024-04-15 17:47:27,false,"Waterville Running","1.02","117","00:08:27.5","155","178","2.2","166","175","8:18","6:29","19","22","1.17","NaN","NaN","NaN","0.0","NaN","NaN","NaN","NaN","--","NaN","NaN","NaN","NaN:NaN","NaN","NaN:NaN","No","00:00:16.9","2","NaN","00:08:26","14:05:33","214","254"
Running,2024-04-14 11:18:07,false,"Waterville Running","16.10","1,976","02:22:58","165","181","4.9","167","175","8:53","7:40","1,034","1,036","1.09","NaN","NaN","NaN","0.0","NaN","NaN","NaN","NaN","--","NaN","NaN","NaN","NaN:NaN","NaN","NaN:NaN","No","00:00:52.3","17","NaN","02:22:52","02:22:58","95","469"
Running,2024-04-11 17:15:03,false,"Waterville Running","7.95","931","01:03:18","164","181","4.3","165","213","7:58","6:15","448","468","1.22","NaN","NaN","NaN","0.0","NaN","NaN","NaN","NaN","--","NaN","NaN","NaN","NaN:NaN","NaN","NaN:NaN","No","00:06:32.8","8","NaN","01:03:16","01:04:50","95","256"
Running,2024-04-09 07:58:14,false,"Waterville Running","5.11","631","00:43:52","164","183","3.6","164","172","8:35","7:33","240","256","1.14","NaN","NaN","NaN","0.0","NaN","NaN","NaN","NaN","--","NaN","NaN","NaN","NaN:NaN","NaN","NaN:NaN","No","00:00:58.1","6","NaN","00:43:49","00:47:13","137","344"
Running,2024-04-07 14:42:42,false,"Waterville Running","15.81","1,948","02:21:11","165","179","4.9","165","172","8:56","7:45","982","984","1.09","NaN","NaN","NaN","0.0","NaN","NaN","NaN","NaN","--","NaN","NaN","NaN","NaN:NaN","NaN","NaN:NaN","No","00:06:51.7","16","NaN","02:21:07","02:22:27","92","469"
Treadmill Running,2024-04-05 17:30:25,false,"Treadmill Running","5.06","718","00:47:27","170","187","4.1","159","180","9:23","8:20","--","--","1.06","NaN","NaN","NaN","0.0","NaN","NaN","NaN","NaN","--","NaN","NaN","NaN","NaN:NaN","NaN","NaN:NaN","No","00:02:38.2","6","NaN","00:44:42","00:47:27","--","--"
Running,2024-04-03 16:20:58,false,"Waterville Running","5.67","719","00:51:10","164","181","3.5","163","168","9:02","7:41","280","289","1.09","NaN","NaN","NaN","0.0","NaN","NaN","NaN","NaN","--","NaN","NaN","NaN","NaN:NaN","NaN","NaN:NaN","No","00:05:52.9","6","NaN","00:51:09","00:51:53","92","345"
Running,2024-04-02 08:34:36,false,"Waterville Running","1.00","126","00:08:17.0","169","184","2.3","167","174","8:15","7:29","42","21","1.17","NaN","NaN","NaN","0.0","NaN","NaN","NaN","NaN","--","NaN","NaN","NaN","NaN:NaN","NaN","NaN:NaN","No","00:00:02.5","2","NaN","00:08:17.0","00:08:17.0","216","269"
Treadmill Running,2024-04-02 08:17:29,false,"Treadmill Running","1.48","196","00:12:53","166","178","2.7","165","172","8:42","8:09","--","--","1.12","NaN","NaN","NaN","0.0","NaN","NaN","NaN","NaN","--","NaN","NaN","NaN","NaN:NaN","NaN","NaN:NaN","No","00:04:12.0","2","NaN","00:12:53","00:12:53","--","--"
Running,2024-04-02 07:56:38,false,"Waterville Running","0.96","124","00:09:06.3","157","173","2.3","163","169","9:26","8:24","33","19","1.04","NaN","NaN","NaN","0.0","NaN","NaN","NaN","NaN","--","NaN","NaN","NaN","NaN:NaN","NaN","NaN:NaN","No","00:09:06.3","1","NaN","00:09:06.3","00:20:27","212","252"
Running,2024-04-01 18:25:38,false,"Waterville Running","1.21","171","00:12:14","159","174","2.0","158","172","10:07","8:29","37","--","1.01","NaN","NaN","NaN","0.0","NaN","NaN","NaN","NaN","--","NaN","NaN","NaN","NaN:NaN","NaN","NaN:NaN","No","00:02:03.7","2","NaN","00:11:53","00:40:05","225","269"
Running,2024-03-15 15:17:14,false,"Waterville Running","4.83","594","00:41:09","164","187","3.3","169","182","8:31","5:26","196","492","1.12","NaN","NaN","NaN","0.0","NaN","NaN","NaN","NaN","--","NaN","NaN","NaN","NaN:NaN","NaN","NaN:NaN","No","00:06:57.9","5","NaN","00:41:08","00:41:09","137","505"
Running,2024-03-12 16:19:48,false,"Waterville Running","5.53","669","00:42:59","173","186","3.8","169","179","7:47","6:42","251","261","1.22","NaN","NaN","NaN","0.0","NaN","NaN","NaN","NaN","--","NaN","NaN","NaN","NaN:NaN","NaN","NaN:NaN","No","00:03:55.5","6","NaN","00:42:49","00:42:59","93","345"
Treadmill Running,2024-03-12 16:04:10,false,"Treadmill Running","1.02","129","00:08:48.6","163","181","2.2","172","179","8:37","8:09","--","--","1.09","NaN","NaN","NaN","0.0","NaN","NaN","NaN","NaN","--","NaN","NaN","NaN","NaN:NaN","NaN","NaN:NaN","No","00:00:10.5","2","NaN","00:08:48.5","00:08:48.6","--","--"
Treadmill Running,2024-03-11 17:17:27,false,"Treadmill Running","4.16","452","00:36:53","152","172","2.6","164","176","8:52","8:09","--","--","1.11","NaN","NaN","NaN","0.0","NaN","NaN","NaN","NaN","--","NaN","NaN","NaN","NaN:NaN","NaN","NaN:NaN","No","00:01:23.4","5","NaN","00:36:00","00:36:53","--","--"
Treadmill Running,2024-03-09 18:43:40,false,"Treadmill Running","4.20","484","00:37:40","153","161","2.6","165","180","8:58","8:10","--","--","1.09","NaN","NaN","NaN","0.0","NaN","NaN","NaN","NaN","--","NaN","NaN","NaN","NaN:NaN","NaN","NaN:NaN","No","00:01:43.5","5","NaN","00:36:45","00:37:40","--","--"
Running,2024-03-08 18:45:16,false,"Waterville Running","0.61","186","00:14:53","153","175","2.1","119","193","24:20","5:09","19","35","0.56","NaN","NaN","NaN","0.0","NaN","NaN","NaN","NaN","--","NaN","NaN","NaN","NaN:NaN","NaN","NaN:NaN","No","00:00:02.3","2","NaN","00:09:06.3","00:14:56","205","246"
Treadmill Running,2024-03-06 19:56:21,false,"Treadmill Running","4.02","484","00:36:03","158","177","2.8","165","175","8:58","8:24","--","--","1.06","NaN","NaN","NaN","0.0","NaN","NaN","NaN","NaN","--","NaN","NaN","NaN","NaN:NaN","NaN","NaN:NaN","No","00:08:14.4","4","NaN","00:35:27","00:36:03","--","--"
Treadmill Running,2024-03-05 16:45:59,false,"Treadmill Running","5.20","624","00:47:15","156","168","2.9","165","240","9:05","7:30","--","--","0.92","NaN","NaN","NaN","0.0","NaN","NaN","NaN","NaN","--","NaN","NaN","NaN","NaN:NaN","NaN","NaN:NaN","No","00:04:57.8","5","NaN","00:46:25","00:47:29","--","--"
Other,2024-03-04 20:31:44,false,"Waterville Soccer","1.89","484","00:32:40","167","187","3.2","59","236","3.5","14.7","5","5","1.57","NaN","NaN","NaN","0.0","NaN","NaN","NaN","NaN","--","NaN","NaN","NaN","NaN:NaN","NaN","NaN:NaN","No","00:14:00","2","NaN","00:29:27","00:32:40","223","226"
Running,2024-03-03 16:33:29,false,"Waterville Running","6.31","776","00:57:16","156","174","3.2","164","172","9:04","8:06","361","368","1.08","NaN","NaN","NaN","0.0","NaN","NaN","NaN","NaN","--","NaN","NaN","NaN","NaN:NaN","NaN","NaN:NaN","No","00:02:48.8","7","NaN","00:57:14","00:57:16","92","347"
Treadmill Running,2024-02-29 16:06:38,false,"Treadmill Running","4.00","605","01:05:20","145","183","3.0","113","228","16:20","7:04","--","--","0.93","NaN","NaN","NaN","0.0","NaN","NaN","NaN","NaN","--","NaN","NaN","NaN","NaN:NaN","NaN","NaN:NaN","No","00:08:50.6","5","NaN","00:47:36","01:05:20","--","--"
Other,2024-02-28 19:56:12,false,"Waterville Soccer","0.70","155","00:10:10","168","181","2.3","42","187","4.1","13.0","76","--","2.64","NaN","NaN","NaN","0.0","NaN","NaN","NaN","NaN","--","NaN","NaN","NaN","NaN:NaN","NaN","NaN:NaN","No","00:10:10","1","NaN","00:09:49","00:10:10","149","226"
Running,2024-02-28 19:35:52,false,"Waterville Running","1.86","219","00:14:32","165","177","2.6","168","176","7:48","7:02","--","4","1.23","NaN","NaN","NaN","0.0","NaN","NaN","NaN","NaN","--","NaN","NaN","NaN","NaN:NaN","NaN","NaN:NaN","No","00:06:59.5","2","NaN","00:14:32","00:14:32","218","226"
Other,2024-02-27 18:23:13,false,"Waterville Soccer","4.17","928","01:05:25","168","182","3.7","53","249","3.8","15.8","3","2","1.97","NaN","NaN","NaN","0.0","NaN","NaN","NaN","NaN","--","NaN","NaN","NaN","NaN:NaN","NaN","NaN:NaN","No","00:07:31.8","5","NaN","01:02:27","01:05:25","223","227"
Treadmill Running,2024-02-26 19:59:40,false,"Treadmill Running","3.91","439","00:35:21","151","165","2.5","165","173","9:02","8:27","--","--","1.08","NaN","NaN","NaN","0.0","NaN","NaN","NaN","NaN","--","NaN","NaN","NaN","NaN:NaN","NaN","NaN:NaN","No","00:08:04.4","4","NaN","00:34:38","00:35:40","--","--"
Running,2024-02-24 13:40:09,false,"Waterville Running","11.33","1,383","01:37:38","166","178","4.1","168","176","8:37","6:44","668","643","1.11","NaN","NaN","NaN","0.0","NaN","NaN","NaN","NaN","--","NaN","NaN","NaN","NaN:NaN","NaN","NaN:NaN","No","00:02:44.9","12","NaN","01:37:35","01:38:52","95","469"
Treadmill Running,2024-02-23 15:24:44,false,"Treadmill Running","4.01","506","00:35:31","163","177","3.2","167","176","8:51","8:26","--","--","1.08","NaN","NaN","NaN","0.0","NaN","NaN","NaN","NaN","--","NaN","NaN","NaN","NaN:NaN","NaN","NaN:NaN","No","00:08:45.4","4","NaN","00:35:30","00:35:31","--","--"
Running,2024-02-22 16:28:19,false,"Waterville Running","4.70","556","00:37:37","165","180","3.4","168","175","8:00","7:02","300","296","1.19","NaN","NaN","NaN","0.0","NaN","NaN","NaN","NaN","--","NaN","NaN","NaN","NaN:NaN","NaN","NaN:NaN","No","00:05:26.3","5","NaN","00:37:35","00:37:37","95","276"
Other,2024-02-20 18:09:10,false,"Waterville Soccer","4.31","823","01:14:18","156","191","3.2","53","238","3.5","13.6","1","3","1.82","NaN","NaN","NaN","0.0","NaN","NaN","NaN","NaN","--","NaN","NaN","NaN","NaN:NaN","NaN","NaN:NaN","No","00:05:13.6","5","NaN","01:06:59","01:14:18","221","227"
Treadmill Running,2024-02-19 16:26:36,false,"Treadmill Running","4.01","483","00:36:35","156","171","3.0","167","176","9:07","7:50","--","--","1.17","NaN","NaN","NaN","0.0","NaN","NaN","NaN","NaN","--","NaN","NaN","NaN","NaN:NaN","NaN","NaN:NaN","No","00:03:30.1","5","NaN","00:36:34","00:36:35","--","--"
Running,2024-02-17 12:19:41,false,"Waterville Running","12.65","1,482","01:42:48","167","184","4.6","168","177","8:08","6:02","876","836","1.18","NaN","NaN","NaN","0.0","NaN","NaN","NaN","NaN","--","NaN","NaN","NaN","NaN:NaN","NaN","NaN:NaN","No","00:05:08.9","13","NaN","01:42:44","01:43:08","95","456"
Running,2024-02-15 16:15:37,false,"Waterville Running","4.56","519","00:34:04","175","191","3.7","171","189","7:28","5:23","371","363","1.26","NaN","NaN","NaN","0.0","NaN","NaN","NaN","NaN","--","NaN","NaN","NaN","NaN:NaN","NaN","NaN:NaN","No","00:04:53.4","5","NaN","00:33:52","00:35:06","95","282"
Treadmill Running,2024-02-14 17:14:36,false,"Treadmill Running","5.00","567","00:41:09","163","183","3.3","166","170","8:14","9:01","--","--","1.03","NaN","NaN","NaN","0.0","NaN","NaN","NaN","NaN","--","NaN","NaN","NaN","NaN:NaN","NaN","NaN:NaN","No","00:03:18.4","5","NaN","00:41:07","00:41:09","--","--"
Treadmill Running,2024-02-13 17:17:00,false,"Treadmill Running","2.00","282","00:19:36","166","179","2.9","165","170","9:48","8:26","--","--","1.05","NaN","NaN","NaN","0.0","NaN","NaN","NaN","NaN","--","NaN","NaN","NaN","NaN:NaN","NaN","NaN:NaN","No","00:01:01.7","3","NaN","00:19:27","00:19:36","--","--"
Track Running,2024-02-13 16:52:07,false,"Waterville Track Running","620","76","00:09:24.4","123","163","0.6","105","230","24:24","4:29","47","126","0.63","NaN","NaN","NaN","0.0","NaN","NaN","NaN","NaN","--","NaN","NaN","NaN","NaN:NaN","NaN","NaN:NaN","No","00:09:24.4","1","NaN","00:06:31","00:09:24.4","133","260"
Treadmill Running,2024-02-13 16:18:35,false,"Treadmill Running","1.73","221","00:16:12","158","173","2.5","161","176","9:23","8:00","--","--","1.06","NaN","NaN","NaN","0.0","NaN","NaN","NaN","NaN","--","NaN","NaN","NaN","NaN:NaN","NaN","NaN:NaN","No","00:06:34.0","2","NaN","00:15:27","00:17:13","--","--"
Running,2024-02-11 14:10:29,false,"Oakland Running","11.49","1,405","01:44:05","164","183","4.1","163","176","9:04","7:34","470","415","1.09","NaN","NaN","NaN","0.0","NaN","NaN","NaN","NaN","--","NaN","NaN","NaN","NaN:NaN","NaN","NaN:NaN","No","00:04:08.4","12","NaN","01:43:43","01:46:10","95","277"
Treadmill Running,2024-02-10 15:01:15,false,"Treadmill Running","4.00","475","00:36:12","158","171","3.0","167","173","9:03","7:41","--","--","1.17","NaN","NaN","NaN","0.0","NaN","NaN","NaN","NaN","--","NaN","NaN","NaN","NaN:NaN","NaN","NaN:NaN","No","00:03:32.6","5","NaN","00:36:07","00:36:12","--","--"
Indoor Running,2024-02-09 17:12:46,false,"Recovery","1.57","121","00:07:52.4","177","198","3.0","176","197","5:01","3:19","--","--","1.83","NaN","NaN","NaN","0.0","NaN","NaN","NaN","NaN","--","NaN","NaN","NaN","NaN:NaN","NaN","NaN:NaN","No","00:01:10.8","4","NaN","00:07:36","00:15:54","--","--"
Running,2024-02-09 16:40:29,false,"Waterville Running","2.02","267","00:19:14","163","178","2.7","158","176","9:30","8:21","5","5","1.07","NaN","NaN","NaN","0.0","NaN","NaN","NaN","NaN","--","NaN","NaN","NaN","NaN:NaN","NaN","NaN:NaN","No","00:00:15.4","3","NaN","00:19:13","00:19:15","221","226"
Running,2024-02-08 19:21:49,false,"Running","5.24","650","00:51:06","159","173","3.2","156","169","9:46","8:43","--","--","1.06","NaN","NaN","NaN","0.0","NaN","NaN","NaN","NaN","--","NaN","NaN","NaN","NaN:NaN","NaN","NaN:NaN","No","00:03:42.3","6","NaN","00:50:09","00:51:06","--","--"
Treadmill Running,2024-02-07 16:45:19,false,"Treadmill Running","5.46","665","00:46:29","168","179","3.7","165","170","8:31","7:56","--","--","1.15","NaN","NaN","NaN","0.0","NaN","NaN","NaN","NaN","--","NaN","NaN","NaN","NaN:NaN","NaN","NaN:NaN","No","00:03:53.6","6","NaN","00:46:28","00:46:29","--","--"
Running,2024-02-05 13:42:59,false,"Northampton Running","11.12","1,351","01:39:10","165","187","4.4","166","209","8:55","6:54","479","472","1.09","NaN","NaN","NaN","0.0","NaN","NaN","NaN","NaN","--","NaN","NaN","NaN","NaN:NaN","NaN","NaN:NaN","No","00:01:05.4","12","NaN","01:38:51","01:41:11","278","598"
Treadmill Running,2024-02-04 13:34:21,false,"Treadmill Running","4.19","567","00:40:31","167","179","3.5","165","173","9:40","8:32","--","--","0.91","NaN","NaN","NaN","0.0","NaN","NaN","NaN","NaN","--","NaN","NaN","NaN","NaN:NaN","NaN","NaN:NaN","No","00:08:39.5","4","NaN","00:40:13","00:40:31","--","--"
Running,2024-02-02 08:40:45,false,"Boston Running","2.59","318","00:22:14","166","187","3.1","155","177","8:35","6:39","7","108","1.21","NaN","NaN","NaN","0.0","NaN","NaN","NaN","NaN","--","NaN","NaN","NaN","NaN:NaN","NaN","NaN:NaN","No","00:04:51.7","3","NaN","00:21:20","00:22:14","--","111"
Running,2024-02-01 10:27:31,false,"Brookline Running","6.08","782","00:58:13","164","185","4.0","149","179","9:34","6:23","165","40","1.13","NaN","NaN","NaN","0.0","NaN","NaN","NaN","NaN","--","NaN","NaN","NaN","NaN:NaN","NaN","NaN:NaN","No","00:00:51.1","7","NaN","00:55:14","01:11:51","--","148"
Running,2024-01-31 16:54:35,false,"Brookline Running","2.49","402","01:09:38","121","179","2.8","100","243","27:58","2:30","311","374","0.47","NaN","NaN","NaN","0.0","NaN","NaN","NaN","NaN","--","NaN","NaN","NaN","NaN:NaN","NaN","NaN:NaN","No","00:00:09.4","4","NaN","00:27:08","01:23:22","114","217"
Running,2024-01-26 07:10:24,false,"Heraklion Running","4.79","571","00:41:58","165","186","3.6","156","181","8:46","6:36","207","152","1.18","NaN","NaN","NaN","0.0","NaN","NaN","NaN","NaN","--","NaN","NaN","NaN","NaN:NaN","NaN","NaN:NaN","No","00:06:53.7","5","NaN","00:41:32","00:45:53","--","163"
Running,2024-01-22 05:53:57,false,"Kallithea Running","8.95","1,017","01:13:07","151","170","5.0","160","180","8:10","5:53","491","312","1.23","NaN","NaN","NaN","0.0","NaN","NaN","NaN","NaN","--","NaN","NaN","NaN","NaN:NaN","NaN","NaN:NaN","No","00:06:47.5","9","NaN","01:12:15","01:21:21","-15","378"
Treadmill Running,2024-01-17 15:05:06,false,"Treadmill Running","4.00","495","00:43:29","154","168","3.0","160","180","10:52","8:38","--","--","0.96","NaN","NaN","NaN","0.0","NaN","NaN","NaN","NaN","--","NaN","NaN","NaN","NaN:NaN","NaN","NaN:NaN","No","00:00:06.9","6","NaN","00:43:14","00:43:29","--","--"
Treadmill Running,2024-01-16 18:10:23,false,"Treadmill Running","12.35","1,400","01:53:38","163","182","4.8","164","174","9:12","7:28","--","--","1.09","NaN","NaN","NaN","0.0","NaN","NaN","NaN","NaN","--","NaN","NaN","NaN","NaN:NaN","NaN","NaN:NaN","No","00:04:35.8","13","NaN","01:52:24","01:55:36","--","--"
Treadmill Running,2024-01-11 08:32:24,false,"Treadmill Running","8.00","1,047","01:13:57","175","189","5.0","159","210","9:15","8:04","--","--","1.03","NaN","NaN","NaN","0.0","NaN","NaN","NaN","NaN","--","NaN","NaN","NaN","NaN:NaN","NaN","NaN:NaN","No","00:05:29.3","8","NaN","01:11:42","01:13:57","--","--"
Treadmill Running,2024-01-10 17:10:30,false,"Treadmill Running","4.00","425","00:39:37","148","163","2.8","152","173","9:54","7:29","--","--","1.05","NaN","NaN","NaN","0.0","NaN","NaN","NaN","NaN","--","NaN","NaN","NaN","NaN:NaN","NaN","NaN:NaN","No","00:04:59.4","5","NaN","00:35:44","00:39:37","--","--"
Treadmill Running,2024-01-09 17:12:00,false,"Treadmill Running","6.00","715","00:59:10","160","189","4.2","155","200","9:52","8:11","--","--","1.00","NaN","NaN","NaN","0.0","NaN","NaN","NaN","NaN","--","NaN","NaN","NaN","NaN:NaN","NaN","NaN:NaN","No","00:09:05.2","6","NaN","00:55:38","00:59:10","--","--"
Treadmill Running,2024-01-04 10:13:59,false,"Treadmill Running","9.05","1,300","01:30:47","175","192","5.0","161","233","10:02","7:18","--","--","1.01","NaN","NaN","NaN","0.0","NaN","NaN","NaN","NaN","--","NaN","NaN","NaN","NaN:NaN","NaN","NaN:NaN","No","00:02:23.2","10","NaN","01:28:51","01:30:47","--","--"
Treadmill Running,2024-01-02 13:47:02,false,"Treadmill Running","6.03","753","01:02:23","157","179","3.5","160","173","10:21","6:25","--","--","1.21","NaN","NaN","NaN","0.0","NaN","NaN","NaN","NaN","--","NaN","NaN","NaN","NaN:NaN","NaN","NaN:NaN","No","00:00:00.7","11","NaN","01:01:23","01:02:23","--","--"
Running,2024-01-01 02:41:05,false,"Running","0.00","--","00:00:04.6","73","74","0.0","--","--","--","--","--","--","NaN","NaN","NaN","NaN","0.0","NaN","NaN","NaN","NaN","--","NaN","NaN","NaN","NaN:NaN","NaN","NaN:NaN","No","00:00:04.6","1","NaN","00:00:00","00:00:04.6","--","--"
Running,2023-12-01 15:13:53,false,"Waterville Running","4.60","521","00:35:45","168","190","3.5","165","180","7:46","6:09","255","172","1.25","NaN","NaN","NaN","0.0","NaN","NaN","NaN","NaN","--","NaN","NaN","NaN","NaN:NaN","NaN","NaN:NaN","No","00:01:37.3","6","NaN","00:35:44","00:35:46","97","368"
Indoor Rowing,2022-01-21 04:15:51,false,"Indoor Rowing","--","197","00:40:16","104","122","0.3","--","--","--","--","--","--","NaN","NaN","NaN","NaN","0.0","NaN","NaN","NaN","NaN","782","NaN","NaN","NaN","NaN:NaN","75.2","NaN:NaN","No","00:00:02.7","3","78.8","00:00:00","00:40:16","--","--"
Indoor Rowing,2022-01-03 16:39:18,false,"Indoor Rowing","--","195","00:38:47","103","164","1.0","--","--","--","--","--","--","NaN","NaN","NaN","NaN","0.0","NaN","NaN","NaN","NaN","429","NaN","NaN","NaN","NaN:NaN","75.2","NaN:NaN","No","00:00:01.4","4","86.0","00:00:00","00:38:47","--","--"
Indoor Cycling,2021-12-26 13:07:19,false,"Indoor Cycling","0.00","388","00:28:28","164","197","3.4","--","--","--","--","--","--","NaN","NaN","NaN","NaN","0.0","NaN","NaN","NaN","NaN","--","NaN","NaN","NaN","NaN:NaN","80.6","NaN:NaN","No","00:28:28","1","86.0","00:00:00","00:28:28","--","--"
Indoor Cycling,2021-12-25 15:12:47,false,"Indoor Cycling","0.00","547","00:47:44","150","198","3.7","--","--","--","--","--","--","NaN","NaN","NaN","NaN","0.0","NaN","NaN","NaN","NaN","--","NaN","NaN","NaN","NaN:NaN","80.6","NaN:NaN","No","00:47:44","1","84.2","00:00:00","00:47:44","--","--"
Running,2021-10-29 20:21:17,false,"Running","0.00","11","08:15:27","72","118","0.1","--","--","--","--","--","--","NaN","NaN","NaN","NaN","0.0","NaN","NaN","NaN","NaN","--","NaN","NaN","NaN","NaN:NaN","75.2","NaN:NaN","No","00:00:02.3","3","87.8","00:00:00","08:15:27","3,205","3,246"
Running,2021-10-07 16:38:44,false,"Running","0.68","72","00:05:27.3","157","167","1.7","162","210","8:04","5:15","--","7","1.23","NaN","NaN","NaN","0.0","NaN","NaN","NaN","NaN","--","NaN","NaN","NaN","NaN:NaN","73.4","NaN:NaN","No","00:05:27.3","1","77.0","00:05:22","00:05:27.3","2,684","2,694"
Running,2021-09-21 16:08:19,false,"New York Running","1.35","102","00:09:59.7","137","148","1.3","169","212","7:26","3:49","82","92","1.28","NaN","NaN","NaN","0.0","NaN","NaN","NaN","NaN","--","NaN","NaN","NaN","NaN:NaN","75.2","NaN:NaN","No","00:02:38.3","2","86.0","00:09:54","00:09:59.7","2,637","2,690"
Running,2021-09-15 06:42:49,false,"New York Running","0.92","83","00:07:08.6","147","157","1.4","158","193","7:47","4:08","7","7","1.31","NaN","NaN","NaN","0.0","NaN","NaN","NaN","NaN","--","NaN","NaN","NaN","NaN:NaN","73.4","NaN:NaN","No","00:07:08.6","1","75.2","00:06:59","00:07:08.6","2,660","2,671"
Running,2021-08-19 10:19:36,false,"New York Running","0.38","44","00:03:13.9","163","169","1.2","143","165","8:25","3:12","--","--","1.34","NaN","NaN","NaN","0.0","NaN","NaN","NaN","NaN","--","NaN","NaN","NaN","NaN:NaN","82.4","NaN:NaN","No","00:03:13.9","1","82.4","00:03:10","00:03:13.9","2,215","2,222"
Running,2021-08-18 11:18:47,false,"New York Running","1.96","193","00:17:38","142","168","2.3","157","178","9:01","7:40","52","33","1.14","NaN","NaN","NaN","0.0","NaN","NaN","NaN","NaN","--","NaN","NaN","NaN","NaN:NaN","80.6","NaN:NaN","No","00:08:34.5","2","84.2","00:16:54","00:21:33","2,273","2,296"
Running,2021-08-16 15:46:41,false,"Running","2.11","194","00:17:38","143","162","2.2","166","184","8:22","7:32","49","43","1.16","NaN","NaN","NaN","0.0","NaN","NaN","NaN","NaN","--","NaN","NaN","NaN","NaN:NaN","78.8","NaN:NaN","No","00:00:50.5","3","82.4","00:17:28","00:17:38","2,279","2,298"
Running,2021-07-20 08:19:25,false,"Running","1.80","184","00:15:35","146","159","2.1","162","181","8:40","7:40","52","43","1.15","NaN","NaN","NaN","0.0","NaN","NaN","NaN","NaN","--","NaN","NaN","NaN","NaN:NaN","75.2","NaN:NaN","No","00:07:01.1","2","80.6","00:15:32","00:16:28","1,650","1,671"
Running,2021-06-17 19:14:36,false,"New York Running","1.89","268","00:28:57","135","168","1.9","103","248","15:21","7:08","72","95","0.96","NaN","NaN","NaN","0.0","NaN","NaN","NaN","NaN","--","NaN","NaN","NaN","NaN:NaN","73.4","NaN:NaN","No","00:08:16.3","2","82.4","00:21:14","00:34:03","860","928"
Cardio,2020-10-09 01:11:26,false,"Cardio","0.00","195","00:19:35","141","165","2.2","--","--","--","--","--","--","NaN","NaN","NaN","NaN","0.0","NaN","NaN","NaN","NaN","--","NaN","NaN","NaN","NaN:NaN","69.8","NaN:NaN","No","00:00:00.7","2","78.8","00:00:00","00:19:35","619","619"
Running,2020-10-02 16:30:01,false,"Running","0.69","53","00:05:19.3","140","150","0.8","154","173","7:44","7:11","3","--","1.35","NaN","NaN","NaN","0.0","NaN","NaN","NaN","NaN","--","NaN","NaN","NaN","NaN:NaN","64.4","NaN:NaN","No","00:05:19.3","1","68.0","00:05:11","00:05:19.3","659","667"
Running,2020-09-11 16:52:47,false,"Running","1.15","102","00:09:35.2","146","161","1.9","155","169","8:20","7:23","30","33","1.25","NaN","NaN","NaN","0.0","NaN","NaN","NaN","NaN","--","NaN","NaN","NaN","NaN:NaN","75.2","NaN:NaN","No","00:01:18.5","2","78.8","00:09:33.7","00:10:53","73","103"
Running,2020-09-10 06:42:05,false,"Running","2.50","244","00:20:21","157","177","3.1","159","188","8:08","5:14","59","59","1.24","NaN","NaN","NaN","0.0","NaN","NaN","NaN","NaN","--","NaN","NaN","NaN","NaN:NaN","75.2","NaN:NaN","No","00:03:40.9","3","82.4","00:20:06","00:23:49","47","90"
Running,2020-09-04 06:45:28,false,"New York Running","2.46","259","00:21:11","161","179","3.0","154","177","8:38","6:36","62","52","1.21","NaN","NaN","NaN","0.0","NaN","NaN","NaN","NaN","--","NaN","NaN","NaN","NaN:NaN","71.6","NaN:NaN","No","00:03:56.7","3","82.4","00:20:47","00:26:21","-37","-13"
Running,2020-09-03 06:43:53,false,"New York Running","2.55","268","00:22:53","155","174","2.9","158","167","8:58","8:09","62","56","1.14","NaN","NaN","NaN","0.0","NaN","NaN","NaN","NaN","--","NaN","NaN","NaN","NaN:NaN","73.4","NaN:NaN","No","00:05:04.7","3","82.4","00:22:50","00:23:13","-144","-122"
Running,2020-09-02 06:41:31,false,"New York Running","2.53","293","00:24:31","158","175","3.0","157","167","9:41","7:09","66","59","1.06","NaN","NaN","NaN","0.0","NaN","NaN","NaN","NaN","--","NaN","NaN","NaN","NaN:NaN","71.6","NaN:NaN","No","00:05:02.2","3","82.4","00:24:21","00:26:35","-198","-148"
Running,2020-08-31 06:41:57,false,"Running","1.91","229","00:18:34","160","171","3.0","158","171","9:42","9:01","46","46","1.05","NaN","NaN","NaN","0.0","NaN","NaN","NaN","NaN","--","NaN","NaN","NaN","NaN:NaN","66.2","NaN:NaN","No","00:08:40.8","2","82.4","00:18:31","00:24:06","-241","-212"
Running,2020-08-27 06:56:00,false,"New York Running","2.65","318","00:25:27","163","184","3.2","153","167","9:37","7:34","56","52","1.10","NaN","NaN","NaN","0.0","NaN","NaN","NaN","NaN","--","NaN","NaN","NaN","NaN:NaN","69.8","NaN:NaN","No","00:06:34.9","3","80.6","00:25:09","00:25:35","26","52"
Running,2020-08-26 06:54:46,false,"New York Running","2.57","292","00:23:55","160","175","3.0","158","213","9:18","7:41","52","62","1.10","NaN","NaN","NaN","0.0","NaN","NaN","NaN","NaN","--","NaN","NaN","NaN","NaN:NaN","68.0","NaN:NaN","No","00:05:26.5","3","82.4","00:23:50","00:24:09","16","46"
Running,2020-08-25 06:41:59,false,"New York Running","2.18","242","00:19:36","161","185","3.0","156","167","9:00","7:44","52","39","1.14","NaN","NaN","NaN","0.0","NaN","NaN","NaN","NaN","--","NaN","NaN","NaN","NaN:NaN","75.2","NaN:NaN","No","00:01:36.0","3","82.4","00:19:36","00:22:59","39","66"
Running,2020-08-24 06:42:34,false,"New York Running","2.65","260","00:22:10","155","170","2.8","157","171","8:21","7:29","66","56","1.22","NaN","NaN","NaN","0.0","NaN","NaN","NaN","NaN","--","NaN","NaN","NaN","NaN:NaN","77.0","NaN:NaN","No","00:05:44.8","3","80.6","00:20:28","00:23:01","18","45"
Running,2020-06-29 09:20:32,false,"Running","1.99","200","00:17:06","153","163","2.4","158","181","8:36","6:08","75","69","1.18","NaN","NaN","NaN","0.0","NaN","NaN","NaN","NaN","--","NaN","NaN","NaN","NaN:NaN","78.8","NaN:NaN","No","00:08:02.0","2","80.6","00:17:06","00:17:06","604","659"
Running,2020-06-26 07:48:36,false,"Running","2.77","278","00:24:16","153","166","2.7","159","171","8:46","8:13","39","43","1.15","NaN","NaN","NaN","0.0","NaN","NaN","NaN","NaN","--","NaN","NaN","NaN","NaN:NaN","78.8","NaN:NaN","No","00:06:31.2","3","84.2","00:24:08","00:24:16","635","671"
Running,2020-06-23 05:50:15,false,"Running","4.20","445","00:37:21","160","169","3.1","156","185","8:53","6:22","95","52","1.17","NaN","NaN","NaN","0.0","NaN","NaN","NaN","NaN","--","NaN","NaN","NaN","NaN:NaN","82.4","NaN:NaN","No","00:01:47.6","5","87.8","00:37:18","00:38:33","484","543"
